names,0,1,2,3,4,5,6,7,8,9,10,11,12,13,14,15,16,17,18,19,20,21,22,23,24,25,26,27,28,29,30,31,32,33,34,35,36,37,38,39,40,41,42,43,44,45,46,47,48,49,50,51,52,53,54,55,56,57,58,59
ORCL,164545378.8,174719214.3,183556053.2,184996192.6,186765506.8,207413235.5,206544532.3,208199205.1,201788048.1,212430437.4,204751223.2,195720382.6,213562067.2,209753633.3,186765819.8,186439234.7,190725663.4,175409689.3,189821470.4,193404509.9,195307217.6,185003966.4,184700929.6,162039692.9,180271401.4,187090347.5,183562196.3,189098795.8,172933292.4,190041608.4,187806609.7,173662737.1,180636910.5,178864351.3,184280504.4,169941244.0,168241190.1,158650319.5,152412714.7,167045344.5,169568211.7,169606054.1,170158416.9,175589984.0,179750013.6,168940925.7,173788455.4,190449559.5,177907974.6,189919633.3,202337651.0,218543117.7,227049545.9,217329280.0,243294880.0,248850960.0,238186061.2,262269834.8,248054667.6,232889682.9
MSFT,499584814.5,494407369.4,508636780.0,528546456.9,539200767.6,531312440.0,559953138.8,575896783.9,574722604.2,641699596.2,649337040.3,659085700.0,731557332.9,722009589.6,701866300.0,718532677.0,759407290.3,757028970.0,813444459.4,861370815.6,878361600.0,819896951.4,851215924.9,780362310.0,801209203.6,859518022.4,904128040.0,1000764031.0,947737330.2,1023856280.0,1040477184.0,1052617485.0,1061355020.0,1093741916.0,1154848652.0,1200254700.0,1294777381.0,1232255674.0,1197018900.0,1359028282.0,1389665380.0,1540774210.0,1551444542.0,1706732781.0,1590936120.0,1530773625.0,1618475379.0,1678381320.0,1749492423.0,1752660154.0,1776291180.0,1899312584.0,1880483646.0,2036897100.0,2141067595.0,2268595295.0,2116626322.0,2489796328.0,2482063108.0,2525083834.0
KO,179289705.6,180153665.5,182153116.6,184360920.9,194273257.7,191624271.2,195521535.4,194284597.2,191981333.0,195905468.7,195010728.6,195479402.0,202765142.5,184372500.5,185207191.6,184269001.8,182976309.0,186635835.2,198313752.9,189552733.5,196442467.2,203801890.3,214528305.6,201545937.9,204866018.8,193843915.6,200334044.5,209295601.9,209594230.0,217230575.8,225047301.0,235352526.1,232786909.9,233204845.1,228791819.4,237146576.9,249952000.0,229486863.2,189983038.5,197092548.0,200485511.9,191895729.9,202916538.4,212753093.7,212065823.4,206534726.1,221747646.0,235671335.4,206921495.3,211113194.9,227143835.5,232744540.4,238392842.5,233305058.9,246369600.0,243259200.0,226670400.0,243518400.0,226584000.0,255787200.0
XOM,347866075.8,337194518.5,340055613.1,346174117.8,341099913.0,342074484.2,339137964.2,323418301.0,347357949.9,353153950.0,352908558.7,354391545.8,369899353.8,320945371.9,316157039.8,329193500.0,343956674.2,350265086.8,345113340.0,339424547.7,359958526.2,337349980.8,336587656.5,288703299.3,310253377.0,334850110.0,342349600.0,339664680.0,299434522.4,324228733.2,314624149.8,289746138.9,298758394.7,285895832.4,288265251.8,295246576.7,263016080.0,217703905.0,160696292.3,196588082.1,192256754.2,189085595.9,177923118.9,168875626.0,145155238.9,137924960.5,161222562.4,174287805.5,189594012.6,230174470.7,236355355.9,242024114.2,247111671.4,267051640.1,243724840.2,230813854.8,249018175.7,272937806.6,253336649.3,259051964.7
FB,306925493.8,319219470.7,335854497.0,355242085.0,358170033.2,357671620.0,401178860.3,407626166.0,407524950.0,429406727.9,422538509.6,422974620.0,447773862.6,427240811.0,384443874.3,412560232.0,460004658.7,468894160.0,416207734.4,423804526.4,395032920.0,364670314.1,337810744.3,314939267.9,397644662.5,385144464.3,400735761.8,464651816.2,426379306.2,464551000.0,467263578.3,446670589.4,428816640.0,461199592.2,485240207.5,494036750.0,485744174.9,463033932.6,401320800.0,492235839.9,542122062.1,546330420.0,609894214.9,704935482.4,630131400.0,632508283.6,665827293.9,657222960.0,621399381.8,619691513.8,707230737.5,778906958.8,787652530.3,830679190.0,849352215.6,904370596.6,806390640.0,765656572.5,767762559.9,783022800.0
ABBV,99309799.89,98568012.8,103837477.3,105080467.4,105073536.8,115402637.9,111264631.3,120035353.5,141651281.7,143867073.8,154725995.6,154390745.3,179151374.6,183934912.6,150179924.6,153194629.9,157005808.3,147024339.4,146357850.2,145339922.5,143219940.3,117886153.1,141802442.3,138673673.0,120773502.6,116885656.2,119125317.4,117351519.4,113402847.7,107506702.8,98488676.3,97195538.16,111950808.5,117613402.2,129736966.3,130934811.3,119814077.4,126778546.5,112507715.9,121382520.6,163316233.1,173026737.6,167263879.2,169018056.4,154581722.5,150187288.3,184633270.9,189170539.1,180925775.5,190256126.7,190989469.7,196778099.0,199936330.4,198947246.1,205411618.6,213439517.3,190625275.1,202642071.9,203801206.4,239370952.0
PEP,148839511.7,157535881.3,159763262.0,161820593.3,166948911.9,164977580.5,166228721.1,164974272.3,158844579.3,156762822.9,165708102.4,170286400.0,170826000.0,155806504.8,154883850.0,143117678.1,142139362.3,154051050.0,162647030.0,158418207.2,157813302.4,158632011.8,172126601.9,155666320.0,158752030.0,162437889.0,172060200.0,179503307.1,179433216.0,183450870.0,178700107.7,191171784.1,191177038.5,191274649.0,189406106.1,190107970.0,197549820.0,183461626.4,166818900.0,183552375.0,182525625.0,183180100.0,190608578.8,193931698.0,191539101.6,184200915.2,199319513.9,204654000.0,188466600.0,178231686.7,195483900.0,199175925.0,204398490.1,204770940.0,216922949.3,216148964.9,207964837.7,223436724.8,220920296.3,240240930.0
COP,60414956.52,58788528.24,61630941.84,59267113.41,55286177.76,54383091.84,55212976.13,53131993.34,60908297.45,61150643.4,60827854.08,65621873.24,70308295.96,63791331.18,69640729.62,76639323.0,78850747.74,81459994.92,83868396.15,85332635.85,89946153.0,80471815.8,76189195.56,71779938.7,77054843.81,76969311.4,75710122.96,71336709.12,66635176.96,68940736.0,65587189.36,57927209.56,63255891.16,60569248.8,65770303.86,71355403.07,65210696.67,52348411.44,33167288.0,45335806.0,45234886.5,45063298.5,40103242.74,40639525.74,35223067.44,30564929.34,42248378.92,42710719.65,54225638.75,70459767.35,71754486.25,69149002.14,75216559.32,82179556.2,75648373.08,74359223.46,90749587.14,99748218.18,92497753.11,95201594.46
AMGN,115661176.0,130006048.1,120771927.0,120105364.7,114163340.8,125848461.0,127335584.3,129714324.8,135474570.0,127194125.4,127513526.3,125590580.0,134365310.0,132417678.7,113607872.0,115454462.9,118855631.7,119798910.0,127221311.6,129331418.3,132769245.0,122849451.0,132700856.8,122564232.0,117804456.0,118282602.2,116723712.0,109373723.5,101676331.2,110954988.0,111892212.6,125109622.6,115370662.0,126709738.0,139466868.5,142568798.0,127771970.0,117802152.1,119205240.0,140720447.3,135120335.9,138308304.0,143301751.0,148368004.1,148302360.0,126295742.9,129264804.8,132962736.0,139618969.0,129906144.7,143140393.0,137686120.6,136709378.8,138840000.0,137158972.1,128067661.6,120147250.0,116579164.0,112022342.1,125600751.0
CVX,210203078.2,212974087.5,203262469.1,202149765.4,196048758.4,197659131.8,206915377.6,203940222.9,222662852.5,219611897.7,226006512.3,237782631.1,238086530.9,213795515.8,217845252.1,239080205.6,237531955.1,241602293.5,241296540.4,226986773.6,234306455.2,213937812.6,227267459.6,207873103.5,219070239.1,227209533.5,234049760.3,228703734.7,216874231.2,237047249.3,234513716.3,223481767.0,225152374.8,220482266.5,221477837.4,227868984.7,202588026.1,175416195.5,136175889.5,171762068.0,171201974.3,166590536.2,156714217.3,156724419.4,134447256.0,133791114.0,167826033.4,162570641.4,164014430.4,192637700.0,201865045.8,198725041.1,200601056.6,202437177.7,196774193.8,187144664.2,196195372.4,221413584.9,217577918.8,226213952.1
AAPL,636667629.0,718723514.6,747867382.9,748968116.0,796466198.4,744552003.6,768224360.4,847097392.0,790050098.1,867904100.5,882331517.2,860882486.9,849541996.6,903783195.6,829383854.0,812275705.9,918491838.1,896472365.9,919086618.5,1099436055.0,1073390540.0,1038577806.0,847433174.8,746079125.2,784811203.2,816450732.0,895667436.0,923297720.3,805510200.3,896853698.4,962766107.2,943333633.2,995151566.9,1105306601.0,1187462571.0,1287643210.0,1354254815.0,1196081213.0,1099546654.0,1273427623.0,1378058470.0,1562780947.0,1817315475.0,2206911245.0,2206911245.0,1966078923.0,1850816166.0,2024064528.0,2232278767.0,2215357148.0,2035724521.0,2038232156.0,2193755971.0,2079445699.0,2267638776.0,2411090013.0,2509775104.0,2324390219.0,2457678271.0,2711977424.0
TXN,75236631.36,76592416.8,80377128.8,78888934.32,82186766.76,76292788.81,80569373.82,81995029.98,88417041.48,95293893.09,95885229.69,102681126.0,107823047.5,106519535.1,101990683.0,99291652.74,109550713.4,107423851.5,108224747.4,109274718.0,103520151.3,89167206.69,95910218.55,90771313.5,96707469.24,99287012.04,99578409.93,110548813.0,97864267.86,107250679.4,116711836.2,115535475.0,120862404.7,110294102.3,112369302.8,119570385.3,112449660.8,106570805.9,92083596.33,106525912.1,108976366.0,116252589.3,116828657.2,130201439.6,131029958.4,132725233.8,148018147.5,150893572.0,152474399.9,159006588.2,174483694.6,166705317.2,175303325.7,177509630.1,175982290.2,176250021.1,177489597.2,173142654.5,177658696.6,174146280.0
PG,234416986.8,232818360.4,229699458.5,223356430.6,225300217.3,222896060.1,231890433.5,235289791.8,232000273.7,219040953.7,228300850.4,233095701.0,219040953.7,197949234.1,199865197.1,181906091.7,183993208.8,196289597.9,203380767.1,206475739.1,207172703.6,220938061.4,235462970.1,229010223.4,241327422.6,246530709.0,260289399.0,267086978.4,258132240.3,275038384.5,294875724.0,300891565.6,311277492.5,310504532.1,304394692.7,311477118.8,307743232.9,279616163.2,271639830.0,291804040.4,286976536.6,296012633.5,325138264.0,343900414.7,346032422.8,339953982.6,344342885.2,345012378.8,315714048.0,304189660.3,333493124.7,326638844.0,330139770.0,330335626.0,348212179.6,345767915.2,339478576.8,346028364.5,349876081.8,395855093.8
CAT,55968083.18,56689736.76,54402441.36,60247194.82,62107758.7,63303611.4,67341373.35,69433417.77,73700242.83,80254133.4,83974934.1,93749699.72,96843356.52,92410908.38,88078119.88,86320062.0,90827748.55,81117771.35,85978739.0,82522026.25,90628619.25,71591781.24,80059816.69,74984896.49,78578648.12,79045075.62,77980321.07,79730951.92,68516463.56,77940980.04,75298912.92,66948091.0,71060616.59,76156272.4,79986192.34,81616533.44,72591628.3,68342311.92,63831631.32,62989394.82,65019041.07,68466733.5,71919838.32,77061861.17,80765769.05,85043674.35,94304156.22,98883821.16,99329292.72,117720227.5,126439638.5,124389295.4,132060490.0,119214884.8,113254962.3,115445209.8,105098007.9,111689558.7,104591135.7,111834349.1
ABT,71890806.47,77898149.84,76740391.18,75409832.72,79232519.52,84351571.92,85447446.74,88505346.42,92709958.48,94221533.89,98117678.37,99336099.07,108195758.2,105356330.2,104640333.3,101514395.4,107873657.6,106926936.1,114903941.5,117258682.0,128696841.8,121081597.0,130056458.7,127035565.9,128177182.3,136337201.4,140412211.8,139744753.2,134307099.5,148367622.1,153940365.8,150794397.4,147878190.7,147860606.2,151114565.2,153608088.2,154103255.8,135837244.0,139152498.0,162892936.1,167898767.4,161725498.4,178186139.2,193819919.1,192686779.9,186100408.3,191805015.6,194055915.4,219046219.6,212193743.6,212300035.4,212725202.3,207266053.0,205986742.6,214959683.6,224030884.3,209422872.2,228498383.1,222397456.0,248868712.4
PFE,192548904.2,203077872.6,203724860.5,201997873.9,194850106.6,200459880.0,197893707.0,201734078.1,212320359.3,208514055.9,216135235.8,215896807.5,220784587.3,216148528.2,211115317.1,217777733.5,210175086.0,212222435.9,233573370.0,243394807.2,258343187.7,252422456.6,267231359.3,252317733.8,245381163.8,240670746.8,235785158.4,225458801.1,230510943.6,240504192.6,215632106.2,196628756.4,198730554.6,212226311.8,213174379.4,216826900.0,206090703.3,185402095.4,181074937.0,212807432.0,212139110.5,181643071.8,213750012.3,209994495.2,203937496.0,197158102.4,212942189.1,204604593.6,199546452.3,186794795.2,202096881.7,215596038.6,216798688.6,219205697.0,239637280.1,258300116.2,241143650.9,245236533.1,301579343.9,331439796.4
JNJ,308100249.0,331598136.9,337641598.6,334713835.2,345484082.3,356367167.6,356220480.0,355281080.0,348946840.0,374176440.0,374312831.6,375360574.4,371250198.8,348455311.8,343780316.0,339327133.6,320838783.0,325452081.0,355438518.0,361340405.6,370676396.5,375450100.2,393982568.2,346109260.9,356917632.2,363891313.0,372228897.9,375983406.4,348210594.4,369796199.7,343672196.5,338763347.8,341455297.1,347512378.9,361856081.3,383911168.6,391806784.6,354317280.1,345704837.8,395294633.8,391896006.3,370503094.9,383760280.5,403901376.4,391974688.2,360947970.7,380876321.2,414309617.3,429446739.6,416540632.8,432685395.5,428420410.1,445702273.0,433825657.0,453313400.4,455761608.7,425145843.0,428778668.2,410500850.2,450358368.8
MRK,170914984.6,180850761.8,174453581.3,170879564.9,178086593.2,175296724.9,174722340.2,174168826.4,174632476.6,150249931.9,150579633.0,153304070.0,161422892.3,146187476.0,146861523.8,158520132.1,160153797.1,163301452.8,177210324.5,182416819.8,188666703.5,195767635.3,206313831.8,198694730.2,193545985.7,209827373.8,214680067.4,203313833.3,203937551.2,215883899.4,213669705.6,221395626.3,215532367.5,221882097.5,221958885.1,231557244.8,217528873.0,194176754.6,195140536.9,200340402.6,203745432.7,195188730.3,202533864.2,215668380.1,209800541.0,190224215.6,203389433.3,206956781.2,194989720.4,183751547.9,195062060.4,188508542.0,192157881.6,196918150.7,196918150.7,194639298.5,193118598.8,190131576.3,222887568.8,189218465.0
DIS,175250900.2,174079592.3,179297710.7,182792268.8,168913039.3,166268393.8,172027148.5,156200277.2,152140922.2,150967876.6,158310903.8,162047887.8,163707551.6,155119113.0,151029117.0,150863712.8,147887122.0,155826372.3,168835443.6,166600960.9,173918196.4,170780113.7,171926613.8,163232775.2,166240522.1,168219276.7,199589859.6,246220148.4,237632256.0,251309968.4,257374954.0,247257281.5,234755711.3,234035159.7,273207488.8,260680822.7,249685372.3,212409898.4,174405407.4,195258227.9,211875119.1,201416833.2,211224863.0,238297397.8,224220377.0,219106388.8,267969884.9,328023672.3,305104776.9,343157506.6,334952513.3,337675409.3,324594901.8,319362137.6,319816370.6,329445125.1,307403374.6,307221661.9,263378354.4,281536737.8
WFC,282551280.0,290326080.0,278487462.9,269022328.0,255562842.5,276901390.4,267755193.3,253508671.2,273761566.8,278675872.3,278073018.7,298754914.9,321729980.0,285683310.0,255556034.1,253246908.7,263086467.3,270152134.6,277803105.7,281647691.8,253136160.7,250798468.0,255509204.3,216909803.5,224071383.0,226970663.6,219467120.6,218421079.0,199413998.9,212672310.8,213952836.0,205192403.0,222244037.1,220413633.0,230330891.1,227539514.2,194068736.0,167480384.0,117365722.6,118797011.9,108526947.1,104959948.8,99941496.0,99499135.05,96862304.97,88642125.0,113078301.5,124778908.2,123538561.2,149530650.2,161521006.1,186556555.0,193120483.8,187209475.9,188648521.3,187662982.7,190578534.5,204481404.0,190509992.7,191307439.3
MCD,101787521.1,106006176.6,106149682.7,114288247.3,122985912.3,124836121.2,126449959.8,129575220.1,126910330.0,135196599.3,137092076.4,137211654.3,136430412.0,125324114.5,124243597.2,131622574.7,125636171.8,123029384.1,123696784.6,125858034.0,129783582.0,137239020.0,145324244.1,136890488.7,137823289.8,140695877.3,145333698.3,150843509.6,151390248.1,158560039.0,160896520.3,165536008.7,163060221.2,149382634.8,146461526.6,148818707.7,161139309.2,144743444.0,123259661.5,139453673.4,138539353.9,137163775.3,144458059.7,158880872.6,163323167.5,158493939.0,162016935.8,159885918.4,154863870.2,153692212.1,167112508.1,176138579.8,174522636.9,172358732.3,181103891.5,177334890.5,180060706.9,183376494.5,182776127.0,200313967.2
JPM,302828482.3,324262283.7,313761229.9,309533646.0,291862848.6,324726285.6,323040895.2,319838638.0,336096251.6,354042968.0,362655761.5,371052498.4,401343206.4,396391149.0,375042897.7,370985487.6,364345186.8,354777763.4,391379116.2,385090088.7,379242150.6,366403573.7,369752449.1,324626621.8,344180038.5,341699895.1,331451517.7,376914733.3,343731379.1,362676181.4,376300868.0,351275702.1,376312009.7,399429826.2,413263263.6,437226009.0,415145154.6,356919469.5,276750149.3,291736383.1,296505808.1,286602983.4,294464302.7,305339444.8,293392837.1,298787096.2,359322169.6,387335155.2,392212280.0,449090138.0,464530758.4,466368531.5,497175502.7,470870597.1,459487843.8,477955392.3,489131092.0,507657653.0,469384898.8,467966371.1
DHR,58047631.84,59310104.0,59296238.4,57841019.6,58958552.8,58576786.8,56610288.1,57951039.8,59590508.2,64183473.35,65637287.8,64566056.1,70551648.0,68208296.82,68384554.13,70080843.36,69354327.44,68935183.64,71780867.9,72452632.7,76035378.3,69669758.2,76776914.62,72277117.36,77810380.0,90640201.8,94485921.88,94818298.96,94510447.34,102321287.3,100790204.0,101930819.1,103609460.2,98993487.42,104854660.4,110241767.9,111885085.0,100661945.5,96457236.95,113914456.7,117796602.2,125022346.6,144577554.2,146471676.2,152757040.0,163059936.6,159571985.5,157803146.8,169104240.0,156449852.7,160497120.4,181130069.3,182699283.1,191415552.4,212378111.0,231417824.0,217339716.0,222783671.3,229836546.3,235102978.8
LLY,85037114.44,91368579.12,92803104.94,90541229.24,87796662.73,90808914.7,91007750.74,89499395.81,94178599.06,90223724.3,93196680.8,92998483.7,89684187.75,84382957.96,84542199.0,87995810.1,92304967.2,92619741.9,106120754.3,113466832.2,115249652.3,116463258.7,125677962.1,122584741.8,126970334.9,130763065.5,134407873.4,121232255.8,112558146.1,107558366.5,105772037.5,109064966.0,107964372.4,109406927.5,112671372.9,126190017.3,134072692.8,120628461.7,132760311.4,147996356.3,146378962.1,157126498.8,143747876.3,141930583.3,141576689.4,124795687.7,139326168.3,161509304.9,198940358.5,196371903.1,179053145.3,175171520.0,191555653.5,220115418.0,233522587.5,247075306.5,221018040.1,243701377.9,237273079.7,264229842.2
WMT,205104700.6,217981366.7,218619288.7,227912380.1,238280301.6,228137284.3,241129775.0,233210860.1,233419964.3,260812606.6,290445650.5,292535123.8,315789814.6,266643913.8,263563037.6,261176292.3,243697616.7,252739788.6,263303810.1,282867905.8,275037503.9,293693545.8,283698639.0,270624969.0,278411065.8,287591687.4,279880280.5,294855135.0,290841160.0,315418233.8,315104214.4,326180535.7,337559625.1,333520741.8,338725781.6,337169877.0,324828165.8,305507004.0,321803312.7,344436478.1,351549070.1,339211330.3,366454718.2,393216674.1,396470382.2,393183228.8,432969120.9,407841576.9,397486390.1,367580837.1,382642889.8,393634266.6,399598848.5,395158628.9,399445912.3,414997822.6,388660851.2,416657371.2,392146473.7,401352407.8
INTC,174158600.0,171153600.0,169853630.0,170230350.0,170041990.0,158544260.0,166673530.0,164793930.0,178214400.0,212893200.0,209851200.0,216351920.0,225632180.0,230085720.0,242692800.0,240549200.0,257232000.0,229212810.0,221789100.0,223310730.0,215831560.0,213960320.0,225050840.0,214188520.0,211898640.0,238161120.0,240414900.0,228506080.0,197167080.0,212064100.0,223936500.0,210026300.0,224155500.0,245905500.0,252517500.0,256756500.0,273428610.0,237459040.0,229144080.0,256534460.0,269151610.0,254456990.0,202995690.0,216690350.0,212194440.0,181459440.0,198138300.0,202368840.0,225537130.0,246949140.0,258432000.0,232306140.0,230650560.0,227759980.0,217942040.0,219321420.0,216689760.0,199283000.0,200096400.0,209605000.0
BAC,227591452.6,247420011.0,236181735.4,232797594.6,223022056.6,241433069.7,237595989.6,252039500.0,267337000.0,285694517.5,293830396.4,307911725.3,329193664.0,328822416.9,306618449.8,303369471.7,294446840.2,285828389.3,308437160.0,308936572.5,294253845.0,269890417.5,278723194.8,241821814.1,275284572.4,280876740.8,265938547.7,290760847.7,252918199.8,275737887.0,285578674.7,256071360.5,271523140.2,281276995.9,299716965.2,316807668.5,290090771.7,248763105.0,185306691.9,208645462.4,209255737.3,206045761.3,215562758.2,223013882.5,208718120.8,205339122.6,243606246.4,262205444.9,256496635.1,299657886.1,334017966.3,348141797.4,363253390.0,353312981.1,325567112.4,351322242.0,357212674.8,402064113.1,363946215.5,364109897.2
AMD,9695950.0,13612629.54,13706100.0,12528600.0,10574729.04,11818560.0,12885662.19,12308127.0,12303750.0,10598317.02,10506661.11,9940760.0,13286580.0,11735922.1,9738450.0,10546462.72,13309093.12,14615250.0,17869403.76,24537528.24,30859110.0,18199201.47,21287369.1,18552300.0,24532050.0,23654685.47,27601513.28,29884608.0,29646656.0,32981820.0,33054875.7,34140421.7,32294860.0,37785398.04,43598536.2,53656200.0,54974114.0,53196227.76,53257080.0,61358644.1,63010022.0,61764140.0,90907233.51,106627856.7,98551980.0,90552186.48,111443293.9,111060810.0,103737873.0,102369075.8,95377500.0,99170014.02,97298881.68,113937090.0,128804753.4,134299484.8,124714800.0,145190950.3,191249195.7,173687300.0
TMO,60197859.75,61556852.88,59964057.6,64679575.95,67598903.8,68256153.4,68477763.6,74894737.98,75719164.4,77572122.81,77295796.2,76140930.6,89866989.45,83804106.72,82952324.64,84628222.35,83791811.21,83337186.22,94356813.19,96308523.6,98314447.68,94113285.4,100462840.8,90092483.04,98900845.92,104496652.3,109215374.9,110970566.7,106786927.4,117466420.1,111066724.1,114960640.6,116646644.5,120935742.5,125891124.5,130269946.2,125586371.3,115979182.4,113107620.8,132182200.7,137912939.7,143106545.3,163754066.6,169699769.2,174660455.3,187514015.2,184287848.3,184604916.3,202011949.5,177238353.4,179719249.3,184808383.9,184526646.0,198270835.2,212239050.3,218327874.1,224772077.3,249061766.3,249365395.8,262924587.5
VZ,199795832.3,202328209.2,198740685.0,187283830.8,190261770.2,182184619.5,197443347.2,195689201.8,201889901.9,195282840.7,207602752.5,215924812.1,220551530.0,194754661.6,197399238.5,203914200.0,196967530.0,207875738.1,213373175.0,224653360.3,220604063.0,235896736.4,249160504.5,232301883.3,227507920.0,235196058.3,244206900.0,236521083.3,224775675.5,236272940.9,228580525.9,240549760.0,249648960.0,250090858.5,249139628.2,253937137.6,245843840.0,223998394.2,222442200.0,237727812.8,237438153.1,228127664.4,237855343.9,245262460.6,246172832.5,235829977.1,249982258.5,243113022.5,226555500.0,228839639.7,240741000.0,239254529.7,233872441.3,231968010.0,230935670.5,227706380.0,223607665.2,219387290.4,208126044.3,215122921.4
HD,167594590.4,176523710.5,176624449.9,187502480.9,183529648.1,183398137.0,178855028.0,176669453.7,192807472.1,195424448.0,209984625.2,221323468.0,234600774.1,212845610.2,206271804.8,213022101.6,215193633.2,225056434.4,227848010.9,229708586.3,237008186.7,201230991.4,203676489.0,194075501.0,207302273.8,209120813.9,211828138.6,224628341.7,208889297.1,228826479.4,235120115.3,249596320.2,254097399.1,256900990.7,240539143.8,238215673.8,248818551.1,237626625.0,200665078.8,236122920.3,267245955.0,269429266.7,285540601.3,306833018.2,298942595.8,287101579.8,298659883.4,285966757.6,291565082.8,278129102.3,328775312.3,348017752.1,339083608.8,339062343.6,348950643.0,344236998.6,346432145.3,392319154.7,418332585.8,433369627.4
ADBE,56038518.52,58657824.48,64375050.74,66160910.52,70177858.28,69787344.64,72279044.94,76556874.96,73537236.74,86343895.88,89454366.21,86088752.88,98134497.12,103170730.3,106412917.6,109131352.0,122762921.6,119384736.0,119810742.8,128858234.6,131771773.3,119963811.8,122349770.1,110328877.1,120852644.7,128392687.5,130034062.0,141139826.8,131731355.7,143034601.4,145078299.5,137959752.5,133726823.8,134540076.5,149298390.7,159080225.6,169295479.3,166692960.0,153328350.2,170902895.5,185568000.0,208802971.2,213124752.8,246427200.0,235268589.2,214482364.9,229187130.0,239557480.0,219613199.0,220331782.4,227226860.0,242986520.0,241189240.0,278998896.0,296144532.0,316186680.0,273927576.0,309441288.0,318714630.0,269353500.0
CSCO,153815040.0,171168518.1,169265532.8,170281860.0,157651702.6,156501690.2,156703587.7,160490383.5,166534280.3,169076650.0,184397100.6,189340722.6,206993820.0,215728411.3,206623304.1,209668860.0,200860090.2,202365012.5,195106522.0,218372625.2,222395399.1,206652750.0,215221700.9,194810033.5,209210960.0,227892989.6,237665491.7,241312350.0,222726538.0,234284517.1,235425679.4,198722024.9,209759778.9,201489910.0,192216936.5,203458933.5,194958770.0,169338338.4,166708992.8,178843600.0,201910194.7,196927885.4,199572496.8,178735203.5,166754610.8,151569800.0,181781612.3,189091751.5,188172180.0,189431537.8,218308554.1,214585650.0,222931444.5,223352865.0,233495290.0,248887340.0,229571370.5,236025490.0,231293567.9,267269755.6
INTU,30330985.3,32085670.4,29668502.15,32080930.57,36034358.88,34028179.77,35080206.28,36066072.3,36242004.36,38610830.34,40193293.0,40336457.0,43001036.9,42734681.46,44396841.85,47414896.52,51728140.8,52422211.34,52819731.84,56770743.84,58822012.8,54769270.0,55672465.77,51084346.65,55913134.86,64024710.49,67724272.93,65085547.58,63475648.55,67747973.19,72150515.8,74994938.64,69164079.56,67041412.5,67390879.23,68182212.51,73035905.82,69251000.65,59912470.0,70358623.51,75707036.72,77237762.49,80189283.8,90425519.73,85404061.47,82668953.44,92491846.92,99804068.1,98919223.2,106835937.6,104897150.4,112626429.4,119985294.3,133943364.0,144806353.0,154600112.1,147335864.9,171034865.8,184709834.1,182138677.7
AMZN,392940775.1,403603779.6,423766120.0,442122095.3,475403494.5,464640000.0,474509756.4,471060628.0,463370700.0,532603484.2,567042876.0,563534847.8,702386005.2,732945369.6,701959900.0,759928561.5,790735623.7,827802600.0,866930363.0,981681188.1,969452000.0,781377351.7,826440734.7,734416768.9,844245332.2,806402800.8,876129000.0,948487444.6,873923763.2,935453220.0,923413927.7,878652506.2,859275450.0,880862698.0,892831237.6,920224320.0,999960903.2,937836240.0,972910280.0,1233971824.0,1218195539.0,1382168820.0,1585156565.0,1728551354.0,1580662460.0,1523391299.0,1589567238.0,1638235790.0,1614530103.0,1557593362.0,1559416320.0,1748703124.0,1625471555.0,1740720960.0,1685228007.0,1757750358.0,1665515280.0,1710321130.0,1778603536.0,1697179060.0
NVDA,63870300.0,59771720.0,61710914.67,62058500.0,85888250.0,86013200.0,97506000.0,101664000.0,107262000.0,125326860.0,121630260.0,117261000.0,149007647.0,146410000.0,140111950.0,136514300.0,153079330.0,143798300.0,148874880.0,170653440.0,170860160.0,128606300.0,99692300.0,81435000.0,87687500.0,93481560.0,108813360.0,110229000.0,82495140.0,100016070.0,102750480.0,102013590.0,106008630.0,123024240.0,132644880.0,144003600.0,144695160.0,165282840.0,162142468.8,179752200.0,218337300.0,233644650.0,261972030.0,330082660.0,333932740.0,310341840.0,331821140.0,323241800.0,322145800.0,340119600.0,332288665.9,374036740.0,404812940.0,498462300.0,487475000.0,559625000.0,517900000.0,639686340.0,816900000.0,735275000.0
COST,72013398.0,77771566.38,73606016.29,77920806.32,79135334.99,79135334.99,70199834.13,69576537.91,68799612.34,72056443.97,70390349.2,80998889.55,81726408.72,85568586.22,83782764.7,82686852.6,86517751.2,86936566.08,91646507.16,95913520.82,102155001.6,103004745.0,100187495.0,101889478.9,89732217.9,94542368.7,96243193.86,106538936.5,108030499.2,105364648.6,116218641.1,121219042.1,129583865.0,126660358.8,130626491.3,132449462.2,129841511.4,134965904.2,124157609.1,125907705.4,133798740.0,136196908.3,133874492.0,143729307.7,153406713.3,156635940.0,157791957.4,173536480.4,166896584.9,156110630.7,146518474.0,155984384.3,164662476.1,167221440.6,174913441.2,189965890.7,201246869.3,198533614.4,217174169.0,239179430.9
NFLX,60563272.52,61174457.56,63705075.33,65598808.8,70283822.28,64507767.5,78431705.0,75431042.5,78475766.85,85001350.33,81171680.98,83194120.28,117296144.4,126443768.2,128375945.0,135824174.8,152838058.8,170451324.9,146945302.1,160109197.4,163152481.1,131601731.3,124777001.1,116860088.3,148225360.5,156346101.9,155885179.5,162007498.8,150088881.6,160825552.2,141416326.7,128614031.3,117284732.6,125957719.9,137900059.7,141984781.0,151427907.6,161932947.2,165137765.5,184651709.4,184598932.9,200679465.6,215603413.2,233543903.4,220910753.9,210179553.3,216788806.5,239486613.4,235792869.1,238653970.8,231295697.4,227674138.4,222947462.4,233783633.2,229074411.7,251921217.2,270351323.7,305774195.1,284330888.8,267298410.9
CMCSA,178470644.9,177098157.9,177932716.1,185506335.3,197340115.3,183076877.8,190273887.6,191026516.1,179483303.0,168055701.8,175098835.6,185634313.2,197129271.9,167835667.4,157444152.2,144149032.4,143184671.3,150023364.1,163603656.4,169136368.1,160763524.6,173157888.4,177107740.6,153787437.9,165169063.3,174653751.1,181072258.6,197162474.9,185703227.0,191762673.5,195799305.0,200743044.7,204654454.5,203474104.9,200432434.9,204325242.3,196237652.1,183697343.7,156588832.6,171393850.2,180366634.8,177696410.9,195110476.8,204273375.4,211217562.5,192862729.0,229389761.0,239531508.8,226594978.8,240994296.6,248071190.9,257439046.8,262895012.3,261168306.9,269458637.2,277932179.2,255011660.5,234494005.0,227882760.4,227682149.4
CRM,53716335.4,56676545.0,58361675.0,61260428.56,63764338.32,61601870.8,64589490.4,67925665.62,67140954.0,73551758.0,75350336.0,73840729.0,82277193.0,83967375.0,85176142.9,88730799.27,96021963.81,101271134.8,101827977.6,113358334.8,120338001.0,103849508.0,109211400.0,104782050.0,116257050.0,125192250.0,122103270.0,128108715.6,117308379.9,117825021.1,120336651.0,136873390.0,130181880.0,137241730.0,142854530.0,144261680.0,161708970.0,151144800.0,128862100.0,144945250.0,157208223.5,168784330.0,175559850.0,248111500.0,228701200.0,211365700.0,223678000.0,203614950.0,207004081.0,198689411.0,195132270.0,212069673.5,219583677.3,226194020.0,235042011.0,257717497.8,265524380.0,293396510.0,278975840.0,250318050.0
GOOGL,243693212.4,251043911.7,252305280.0,275163963.1,293786609.6,277084616.2,281801547.5,284704505.8,290424648.4,308134138.2,309067751.4,314408298.0,352884394.5,329512392.6,309743935.3,304205028.5,328521600.0,337509245.1,366833239.1,368202265.2,360277167.6,326051793.2,331753170.2,312695920.3,337046430.4,337244008.0,352412649.2,359011786.6,331325934.0,324320256.0,364889882.4,356601832.0,365882851.4,377171726.4,390741878.5,401586624.9,429683558.1,401634378.8,348639611.7,404077335.0,430127676.0,425728389.1,447085824.5,489626508.6,440619449.6,485873774.8,527449833.6,527071427.2,549554764.3,608063147.7,620296702.4,707808064.5,708815567.0,735076461.6,811282565.1,871324935.8,804197489.5,890674345.2,853683739.5,871247118.5
MA,113719403.4,116932956.0,119060742.0,123136352.0,129505935.4,127998826.9,134085076.2,139855560.7,148144074.8,155256818.3,157030943.4,157959750.1,176368907.0,182306357.0,181684009.4,184909844.4,195860673.4,202453921.4,202960890.0,220960855.8,228187493.6,201807430.8,205278596.2,192598633.2,215141470.0,227970275.3,238802337.1,256747314.9,253970194.4,267138794.9,273117032.0,282245342.1,272414854.3,276103857.7,291484521.3,297828296.9,314676240.0,288590060.3,240178518.4,273056483.8,298796106.5,293642223.7,306227132.1,355516469.8,335645899.1,285311980.8,332630039.7,352824481.8,312178230.0,348594266.0,350761589.4,375528684.3,354415884.9,358848786.5,377769264.3,338899964.7,340319266.7,327034363.7,306955358.3,350232437.9
PM,149131275.5,169644059.1,175349393.1,172150370.1,186066531.4,182416645.4,181272571.5,181614272.8,172419399.9,162527161.9,159591608.3,164095897.0,166549957.7,160836966.5,154391062.0,127466868.0,123642862.0,125508230.8,134153954.1,121080550.2,126754500.8,136906928.7,134512961.7,103780022.2,119263081.3,135155533.0,137516720.1,134670307.7,119999085.4,122177209.6,130083782.4,112160505.6,118134931.2,126710460.0,129028713.8,132389403.8,128670862.5,127382515.4,113606453.8,116161898.0,114231056.8,109092527.8,119615214.5,124255929.7,116780952.1,110600582.3,117966687.0,128930191.6,124040219.4,130845690.3,138302443.6,148061015.0,150289722.9,154466602.1,155994368.7,160529723.0,147734101.4,147182519.1,133793798.3,147898660.0
V,153423824.3,163394366.7,165122326.3,168414925.0,175818387.5,173141325.0,182132077.2,189376382.4,192522898.8,199943640.0,204177799.2,206473459.1,224962268.2,221614717.5,215630002.5,226628488.3,233487358.1,236577421.8,242940214.9,260973293.6,266658599.2,244912305.3,249380974.6,231850509.5,236291396.8,259236217.2,273360145.6,285941796.8,280550934.0,301801367.4,307400838.0,312270896.2,297056281.7,308886033.1,316006033.3,321654360.2,339447595.3,310086922.2,274874586.9,304900609.3,329391746.9,325899425.0,321015732.8,357416623.9,337150819.8,306364332.0,355992974.4,370895430.2,327774030.5,360237652.5,359118217.2,395138209.4,384547503.8,395578078.9,415818358.8,386639011.3,375922478.3,357392158.1,323543775.9,361345721.4
UNH,154289373.6,157303667.7,158245704.5,168603556.8,168814309.2,178682208.0,184840008.2,192308454.0,189359531.0,203253309.2,221112017.4,213640510.8,229455684.3,218846664.1,207079882.0,227198602.8,232086521.3,235767078.5,243339608.8,258385501.6,256056316.9,251542318.6,270677886.2,239661910.1,259941586.8,232419536.6,237255613.1,221939742.2,229792937.4,231893195.4,236644910.4,221757354.0,205950034.9,239478988.7,265153036.1,278521061.7,258123216.8,241848172.1,236555134.7,277093682.2,289113643.0,279724681.0,287150496.4,297027516.8,296286254.7,289985527.0,319126455.1,332732548.3,316507709.2,315217312.6,351724840.3,376422933.2,388729727.8,377896028.9,389012838.4,392508059.6,368435388.6,434184991.0,418389051.2,472941061.1
AVGO,79858254.0,84659286.66,87882223.52,89649743.24,97370891.64,94756498.65,100527023.0,102839266.5,98951226.66,107669737.9,113778074.3,105165097.8,101534056.9,101168626.0,96793708.8,94234723.84,109902520.0,104742835.2,95733673.6,90557296.41,102009778.3,92401270.03,96690208.11,103560869.9,109250445.8,109042560.0,119034850.7,126037366.4,100171341.4,114589581.6,115437479.3,112115091.4,109508963.0,116165102.4,125785808.3,125710227.8,121758840.0,108991022.4,94790446.1,108591231.4,117144425.0,126178037.5,127967000.0,140422522.2,147367804.3,142299410.0,163327806.5,178079287.1,183804000.0,191848860.7,189313305.3,187042000.0,193778578.1,195628855.2,199984800.0,204659591.4,199604946.9,219579710.0,228600076.3,274730488.3
TSLA,40729523.1,40415883.3,45686841.2,51589138.2,56014302.6,60339329.43,53982937.89,59395083.3,57310598.7,55719252.51,51907492.95,52554945.95,59806465.07,57949695.2,45175567.5,49902456.6,48345445.62,58478462.2,50860597.02,51461084.38,45428707.06,57928975.56,60188981.84,57441945.6,52992266.04,55249993.48,48606644.52,41465465.49,32823313.2,40025708.28,43278874.47,40412842.47,43356600.0,56762755.4,59470035.3,75743666.46,117793505.3,122983638.9,96940000.0,144937877.5,154784785.0,200844660.0,266639295.1,464339060.9,406701480.0,367823504.0,538028607.6,677340172.2,761672944.6,648381377.0,643216590.0,683424835.2,602293182.6,668826839.1,680338308.0,737020017.2,778581920.0,1118751210.0,1149642401.0,1092190584.0
